{
  "Caffeination": {
    "precision": 0.7543859649122807,
    "recall": 0.9148936170212766,
    "f1-score": 0.8269230769230769,
    "support": 47
  },
  "Catch up on what happened": {
    "precision": 0.9375,
    "recall": 0.9574468085106383,
    "f1-score": 0.9473684210526315,
    "support": 47
  },
  "Check the food provisions": {
    "precision": 0.8541666666666666,
    "recall": 0.8723404255319149,
    "f1-score": 0.8631578947368421,
    "support": 47
  },
  "Clean a spill": {
    "precision": 0.9111111111111111,
    "recall": 0.8723404255319149,
    "f1-score": 0.891304347826087,
    "support": 47
  },
  "Clean the place": {
    "precision": 0.9791666666666666,
    "recall": 1.0,
    "f1-score": 0.9894736842105264,
    "support": 47
  },
  "Clean up": {
    "precision": 0.875,
    "recall": 0.7446808510638298,
    "f1-score": 0.8045977011494252,
    "support": 47
  },
  "Cooking": {
    "precision": 0.75,
    "recall": 0.7659574468085106,
    "f1-score": 0.7578947368421053,
    "support": 47
  },
  "Dry your clothes": {
    "precision": 0.825,
    "recall": 0.7021276595744681,
    "f1-score": 0.7586206896551724,
    "support": 47
  },
  "Eating": {
    "precision": 0.7307692307692307,
    "recall": 0.8085106382978723,
    "f1-score": 0.7676767676767676,
    "support": 47
  },
  "Food and accomodations": {
    "precision": 0.8043478260869565,
    "recall": 0.7872340425531915,
    "f1-score": 0.795698924731183,
    "support": 47
  },
  "Friends arrives at home": {
    "precision": 0.972972972972973,
    "recall": 0.7659574468085106,
    "f1-score": 0.8571428571428571,
    "support": 47
  },
  "Get and fold the laundry": {
    "precision": 0.8478260869565217,
    "recall": 0.8297872340425532,
    "f1-score": 0.8387096774193549,
    "support": 47
  },
  "Get home": {
    "precision": 0.8444444444444444,
    "recall": 0.8085106382978723,
    "f1-score": 0.8260869565217391,
    "support": 47
  },
  "Grab cream, sugar and snacks": {
    "precision": 0.9,
    "recall": 0.9574468085106383,
    "f1-score": 0.9278350515463918,
    "support": 47
  },
  "Health activity": {
    "precision": 0.925,
    "recall": 0.7872340425531915,
    "f1-score": 0.8505747126436781,
    "support": 47
  },
  "Morning exercise": {
    "precision": 0.9302325581395349,
    "recall": 0.851063829787234,
    "f1-score": 0.888888888888889,
    "support": 47
  },
  "Perk up with coffee": {
    "precision": 0.76,
    "recall": 0.8085106382978723,
    "f1-score": 0.7835051546391754,
    "support": 47
  },
  "Play a board game": {
    "precision": 0.9215686274509803,
    "recall": 1.0,
    "f1-score": 0.9591836734693878,
    "support": 47
  },
  "Prepare breakfast": {
    "precision": 0.9375,
    "recall": 0.9574468085106383,
    "f1-score": 0.9473684210526315,
    "support": 47
  },
  "Read and wait": {
    "precision": 1.0,
    "recall": 0.9361702127659575,
    "f1-score": 0.967032967032967,
    "support": 47
  },
  "Relaxing": {
    "precision": 0.8541666666666666,
    "recall": 0.8723404255319149,
    "f1-score": 0.8631578947368421,
    "support": 47
  },
  "Room Decoration": {
    "precision": 0.8913043478260869,
    "recall": 0.8723404255319149,
    "f1-score": 0.8817204301075269,
    "support": 47
  },
  "Set the table and eat": {
    "precision": 0.86,
    "recall": 0.9148936170212766,
    "f1-score": 0.8865979381443299,
    "support": 47
  },
  "Share some vides": {
    "precision": 0.639344262295082,
    "recall": 0.8297872340425532,
    "f1-score": 0.7222222222222223,
    "support": 47
  },
  "Straighten up": {
    "precision": 0.8604651162790697,
    "recall": 0.7872340425531915,
    "f1-score": 0.8222222222222222,
    "support": 47
  },
  "Talk about the day": {
    "precision": 0.8863636363636364,
    "recall": 0.8297872340425532,
    "f1-score": 0.8571428571428571,
    "support": 47
  },
  "Texting and Reading": {
    "precision": 0.92,
    "recall": 0.9787234042553191,
    "f1-score": 0.9484536082474226,
    "support": 47
  },
  "The home tour": {
    "precision": 0.7872340425531915,
    "recall": 0.7872340425531915,
    "f1-score": 0.7872340425531915,
    "support": 47
  },
  "Time to go": {
    "precision": 0.7619047619047619,
    "recall": 0.6808510638297872,
    "f1-score": 0.7191011235955055,
    "support": 47
  },
  "Video game break": {
    "precision": 1.0,
    "recall": 1.0,
    "f1-score": 1.0,
    "support": 47
  },
  "Waking up": {
    "precision": 0.8043478260869565,
    "recall": 0.7872340425531915,
    "f1-score": 0.795698924731183,
    "support": 47
  },
  "Wash the clothes": {
    "precision": 0.8723404255319149,
    "recall": 0.8723404255319149,
    "f1-score": 0.8723404255319149,
    "support": 47
  },
  "Watch TV": {
    "precision": 0.8703703703703703,
    "recall": 1.0,
    "f1-score": 0.9306930693069307,
    "support": 47
  },
  "accuracy": 0.8588007736943907,
  "macro avg": {
    "precision": 0.8626919276380335,
    "recall": 0.8588007736943908,
    "f1-score": 0.8586554352637285,
    "support": 1551
  },
  "weighted avg": {
    "precision": 0.8626919276380335,
    "recall": 0.8588007736943907,
    "f1-score": 0.8586554352637285,
    "support": 1551
  }
}